"AIRPORT_SEQ_ID","AIRPORT_ID","AIRPORT","DISPLAY_AIRPORT_NAME","DISPLAY_AIRPORT_CITY_NAME_FULL","AIRPORT_WAC_SEQ_ID2","AIRPORT_WAC","AIRPORT_COUNTRY_NAME","AIRPORT_COUNTRY_CODE_ISO","AIRPORT_STATE_NAME","AIRPORT_STATE_CODE","AIRPORT_STATE_FIPS","CITY_MARKET_SEQ_ID","CITY_MARKET_ID","DISPLAY_CITY_MARKET_NAME_FULL","CITY_MARKET_WAC_SEQ_ID2","CITY_MARKET_WAC","LAT_DEGREES","LAT_HEMISPHERE","LAT_MINUTES","LAT_SECONDS","LATITUDE","LON_DEGREES","LON_HEMISPHERE","LON_MINUTES","LON_SECONDS","LONGITUDE","UTC_LOCAL_TIME_VARIATION","AIRPORT_START_DATE","AIRPORT_THRU_DATE","AIRPORT_IS_CLOSED","AIRPORT_IS_LATEST",
1000101,10001,"01A","Afognak Lake Airport","Afognak Lake, AK",101,1,"United States","US","Alaska","AK","02",3000101,30001,"Afognak Lake, AK",101,1,58,"N",6,34,58.10944444,152,"W",54,24,-152.90666667,"",2007-07-01,,0,1,
1000301,10003,"03A","Bear Creek Mining Strip","Granite Mountain, AK",101,1,"United States","US","Alaska","AK","02",3000301,30003,"Granite Mountain, AK",101,1,65,"N",32,53,65.54805556,161,"W",4,18,-161.07166667,"",2007-07-01,,0,1,
1000401,10004,"04A","Lik Mining Camp","Lik, AK",101,1,"United States","US","Alaska","AK","02",3000401,30004,"Lik, AK",101,1,68,"N",5,0,68.08333333,163,"W",10,0,-163.16666667,"",2007-07-01,,0,1,
1000501,10005,"05A","Little Squaw Airport","Little Squaw, AK",101,1,"United States","US","Alaska","AK","02",3000501,30005,"Little Squaw, AK",101,1,67,"N",34,12,67.57000000,148,"W",11,2,-148.18388889,"",2007-08-01,,0,1,
1000601,10006,"06A","Kizhuyak Bay","Kizhuyak, AK",101,1,"United States","US","Alaska","AK","02",3000601,30006,"Kizhuyak, AK",101,1,57,"N",44,43,57.74527778,152,"W",52,58,-152.88277778,"",2007-10-01,,0,1,
1000701,10007,"07A","Klawock Seaplane Base","Klawock, AK",101,1,"United States","US","Alaska","AK","02",3000701,30007,"Klawock, AK",101,1,55,"N",33,17,55.55472222,133,"W",6,6,-133.10166667,"",2008-04-01,,0,1,
1000801,10008,"08A","Elizabeth Island Airport","Elizabeth Island, AK",101,1,"United States","US","Alaska","AK","02",3000801,30008,"Elizabeth Island, AK",101,1,59,"N",9,25,59.15694444,151,"W",49,45,-151.82916667,"",2008-06-01,,0,1,
1000901,10009,"09A","Augustin Island","Homer, AK",101,1,"United States","US","Alaska","AK","02",3000901,30009,"Homer, AK",101,1,59,"N",21,46,59.36277778,153,"W",25,50,-153.43055556,"",2008-06-01,,0,1,
1001001,10010,"1B1","Columbia County","Hudson, NY",2201,22,"United States","US","New York","NY","36",3001001,30010,"Hudson, NY",2201,22,42,"N",17,20,42.28888889,73,"W",42,37,-73.71027778,"-0500",2009-04-01,2011-06-30,0,0,
1001002,10010,"1B1","Columbia County","Hudson, NY",2201,22,"United States","US","New York","NY","36",3001001,30010,"Hudson, NY",2201,22,42,"N",17,29,42.29138889,73,"W",42,37,-73.71027778,"-0500",2011-07-01,,0,1,
1001101,10011,"1G4","Grand Canyon West","Peach Springs, AZ",8101,81,"United States","US","Arizona","AZ","04",3001101,30011,"Peach Springs, AZ",8101,81,35,"N",59,25,35.99027778,113,"W",48,59,-113.81638889,"-0700",2008-07-01,2011-09-30,0,0,
1001102,10011,"1G4","Grand Canyon West","Peach Springs, AZ",8101,81,"United States","US","Arizona","AZ","04",3001101,30011,"Peach Springs, AZ",8101,81,35,"N",59,10,35.98611111,113,"W",49,1,-113.81694444,"-0700",2011-10-01,,0,1,
1001201,10012,"1N7","Blairstown Airport","Blairstown, NJ",2101,21,"United States","US","New Jersey","NJ","34",3001201,30012,"Blairstown, NJ",2101,21,40,"N",58,16,40.97111111,74,"W",59,51,-74.99750000,"-0500",2008-07-01,,0,1,
1001301,10013,"8F3","Crosbyton Municipal","Crosbyton, TX",7401,74,"United States","US","Texas","TX","48",3001301,30013,"Crosbyton, TX",7401,74,33,"N",37,26,33.62388889,101,"W",14,27,-101.24083333,"",2009-01-01,,0,1,
1001401,10014,"A01","Blair Lake","Fairbanks/Ft. Wainwright, AK",101,1,"United States","US","Alaska","AK","02",3151701,31517,"Fairbanks, AK",101,1,64,"N",21,51,64.36416667,147,"W",21,41,-147.36138889,"",2002-10-01,2011-06-30,0,0,
1001402,10014,"A01","Blair Lake","Fairbanks/Ft. Wainwright, AK",101,1,"United States","US","Alaska","AK","02",3151701,31517,"Fairbanks, AK",101,1,64,"N",21,49,64.36361111,147,"W",21,50,-147.36388889,"",2011-07-01,,0,1,
1001501,10015,"A02","Deadmans Bay Airport","Deadmans Bay, AK",101,1,"United States","US","Alaska","AK","02",3001501,30015,"Deadmans Bay, AK",101,1,57,"N",4,0,57.06666667,153,"W",56,16,-153.93777778,"",2002-06-01,,0,1,
1001601,10016,"A03","Hallo Bay Airport","Hallo Bay, AK",101,1,"United States","US","Alaska","AK","02",3001601,30016,"Hallo Bay, AK",101,1,58,"N",27,27,58.45750000,154,"W",1,24,-154.02333333,"",2002-04-01,,0,1,
1001701,10017,"A04","Red Lake Airport","Red Lake, AK",101,1,"United States","US","Alaska","AK","02",3001701,30017,"Red Lake, AK",101,1,57,"N",16,38,57.27722222,154,"W",20,32,-154.34222222,"",2002-09-01,,0,1,
1001801,10018,"A05","Shell Lake Airport","Shell Lake, AK",101,1,"United States","US","Alaska","AK","02",3001801,30018,"Shell Lake, AK",101,1,61,"N",57,50,61.96388889,151,"W",33,21,-151.55583333,"",2002-11-01,,0,1,
1001901,10019,"A06","Navigator Airstrip","Kougarok, AK",101,1,"United States","US","Alaska","AK","02",3001901,30019,"Kougarok, AK",101,1,65,"N",39,20,65.65555556,165,"W",21,23,-165.35638889,"",2002-06-01,,0,1,
1002001,10020,"A07","Roland Norton Memorial Airstrip","Selawik, AK",101,1,"United States","US","Alaska","AK","02",3002001,30020,"Selawik, AK",101,1,66,"N",45,57,66.76583333,160,"W",9,9,-160.15250000,"",2002-12-01,2011-06-30,0,0,
1002002,10020,"A07","Roland Norton Memorial","Selawik, AK",101,1,"United States","US","Alaska","AK","02",3002001,30020,"Selawik, AK",101,1,66,"N",45,58,66.76611111,160,"W",9,10,-160.15277778,"",2011-07-01,,0,1,
1002101,10021,"A08","Pillar Bay Airport","Pillar Bay, AK",101,1,"United States","US","Alaska","AK","02",3002101,30021,"Pillar Bay, AK",101,1,56,"N",35,53,56.59805556,134,"W",14,34,-134.24277778,"",1950-01-01,,0,1,
1002201,10022,"JOH","Johnstone Point Airport","Johnstone Point, AK",101,1,"United States","US","Alaska","AK","02",3002201,30022,"Johnstone Point, AK",101,1,60,"N",28,53,60.48138889,146,"W",34,56,-146.58222222,"",1974-07-01,2002-12-31,0,0,
1002202,10022,"A09","Johnstone Point Airport","Johnstone Point, AK",101,1,"United States","US","Alaska","AK","02",3002201,30022,"Johnstone Point, AK",101,1,60,"N",28,56,60.48222222,146,"W",34,56,-146.58222222,"",2003-01-01,2013-11-30,0,0,
1002203,10022,"A09","Johnstone Point Airport","Johnstone Point, AK",101,1,"United States","US","Alaska","AK","02",3002201,30022,"Johnstone Point, AK",101,1,60,"N",28,54,60.48166667,146,"W",35,3,-146.58416667,"",2013-12-01,,0,1,
1002301,10023,"TLK","Tikchik Lodge Airport","Tikchik Lodge, AK",101,1,"United States","US","Alaska","AK","02",3002301,30023,"Tikchik Lodge, AK",101,1,59,"N",57,20,59.95555556,158,"W",28,50,-158.48055556,"",1950-01-01,2002-11-30,0,0,
1002302,10023,"KTH","Tikchik Lodge Airport","Tikchik Lodge, AK",101,1,"United States","US","Alaska","AK","02",3002301,30023,"Tikchik Lodge, AK",101,1,59,"N",57,20,59.95555556,158,"W",28,50,-158.48055556,"",2002-12-01,,0,1,
1002401,10024,"A11","Bell Creek Airport","Bell Creek, AK",101,1,"United States","US","Alaska","AK","02",3002401,30024,"Bell Creek, AK",101,1,60,"N",47,2,60.78388889,159,"W",32,25,-159.54027778,"",2002-12-01,,0,1,
1002501,10025,"A12","Cinnabar Airport","Cinnabar, AK",101,1,"United States","US","Alaska","AK","02",3002501,30025,"Cinnabar, AK",101,1,60,"N",47,7,60.78527778,158,"W",51,52,-158.86444444,"",2002-12-01,,0,1,
1002601,10026,"A13","Mountaintop Mine Airport","Mountaintop Mine, AK",101,1,"United States","US","Alaska","AK","02",3002601,30026,"Mountaintop Mine, AK",101,1,61,"N",23,25,61.39027778,157,"W",59,44,-157.99555556,"",2002-12-01,,0,1,
1002701,10027,"A14","Whitebear Airport","Whitebear, AK",101,1,"United States","US","Alaska","AK","02",3002701,30027,"Whitebear, AK",101,1,61,"N",11,20,61.18888889,159,"W",51,30,-159.85833333,"",2002-12-01,,0,1,
1002801,10028,"A15","Puviaq Airport","Puviaq, AK",101,1,"United States","US","Alaska","AK","02",3002801,30028,"Puviaq, AK",101,1,70,"N",43,7,70.71861111,154,"W",23,18,-154.38833333,"",2003-02-01,2011-06-30,0,0,
1002802,10028,"A15","Puviaq Airport","Puviaq, AK",101,1,"United States","US","Alaska","AK","02",3002801,30028,"Puviaq, AK",101,1,70,"N",42,56,70.71555556,154,"W",24,25,-154.40694444,"",2011-07-01,2013-02-28,1,1,
1002901,10029,"A16","Arley Lake Airport","Arley Lake, AK",101,1,"United States","US","Alaska","AK","02",3002901,30029,"Arley Lake, AK",101,1,70,"N",44,49,70.74694444,155,"W",21,39,-155.36083333,"",2003-03-01,,0,1,
1003001,10030,"A17","Port Vita Airport","Port Vita, AK",101,1,"United States","US","Alaska","AK","02",3003001,30030,"Port Vita, AK",101,1,58,"N",3,56,58.06555556,153,"W",4,21,-153.07250000,"",2002-09-01,,0,1,
1003101,10031,"A18","Kantishna Airport","Kantishna, AK",101,1,"United States","US","Alaska","AK","02",3003101,30031,"Kantishna, AK",101,1,63,"N",32,30,63.54166667,150,"W",59,38,-150.99388889,"",1950-01-01,2015-11-30,0,0,
1003102,10031,"A18","Kantishna Airport","Kantishna, AK",101,1,"United States","US","Alaska","AK","02",3003101,30031,"Kantishna, AK",101,1,63,"N",32,28,63.54111111,150,"W",59,42,-150.99500000,"",2015-12-01,,0,1,
1003301,10033,"A20","Alpine Airstrip","Alpine, AK",101,1,"United States","US","Alaska","AK","02",3003301,30033,"Alpine, AK",101,1,70,"N",20,39,70.34416667,150,"W",56,41,-150.94472222,"",2002-08-01,,0,1,
1003401,10034,"A21","Serpentine Airport","Serpentine, AK",101,1,"United States","US","Alaska","AK","02",3003401,30034,"Serpentine, AK",101,1,65,"N",51,5,65.85138889,164,"W",42,10,-164.70277778,"",2003-05-01,,0,1,
1003501,10035,"A22","Driftwood Bay Airport","Driftwood Bay, AK",101,1,"United States","US","Alaska","AK","02",3003501,30035,"Driftwood Bay, AK",101,1,53,"N",58,22,53.97277778,166,"W",51,25,-166.85694444,"",2003-01-01,,0,1,
1003601,10036,"A23","Bradley Lake Airport","Bradley Lake, AK",101,1,"United States","US","Alaska","AK","02",3003601,30036,"Bradley Lake, AK",101,1,59,"N",46,34,59.77611111,151,"W",57,49,-151.96361111,"",2003-01-01,,0,1,
1003701,10037,"A24","Chilkat Lake Airport","Chilkat Lake, AK",101,1,"United States","US","Alaska","AK","02",3003701,30037,"Chilkat Lake, AK",101,1,59,"N",19,54,59.33166667,135,"W",53,48,-135.89666667,"",2002-08-01,,0,1,
1003801,10038,"A25","Nugget Creek Airport","Nugget Creek, AK",101,1,"United States","US","Alaska","AK","02",3003801,30038,"Nugget Creek, AK",101,1,59,"N",17,18,59.28833333,136,"W",10,26,-136.17388889,"",2002-08-01,,0,1,
1003901,10039,"A26","Ivotuk Airstrip","Ivotuk, AK",101,1,"United States","US","Alaska","AK","02",3003901,30039,"Ivotuk, AK",101,1,68,"N",29,0,68.48333333,155,"W",44,0,-155.73333333,"",2003-05-01,,0,1,
1004001,10040,"A27","Pogo Mines Airport","Pogo Mines, AK",101,1,"United States","US","Alaska","AK","02",3004001,30040,"Pogo Mines, AK",101,1,64,"N",26,24,64.44000000,144,"W",56,11,-144.93638889,"",2003-10-01,,0,1,
1004101,10041,"A28","Ayakulik River Airport","Ayakulik River, AK",101,1,"United States","US","Alaska","AK","02",3004101,30041,"Ayakulik River, AK",101,1,57,"N",15,14,57.25388889,154,"W",25,20,-154.42222222,"",2001-01-01,,0,1,
1004201,10042,"A29","Kiluda Bay Airport","Kiluda Bay, AK",101,1,"United States","US","Alaska","AK","02",3004201,30042,"Kiluda Bay, AK",101,1,57,"N",19,23,57.32305556,153,"W",8,58,-153.14944444,"",2001-01-01,,0,1,
1004301,10043,"A30","Terror Lake Airport","Terror Lake, AK",101,1,"United States","US","Alaska","AK","02",3004301,30043,"Terror Lake, AK",101,1,57,"N",57,50,57.96388889,153,"W",3,30,-153.05833333,"",2001-01-01,,0,1,
1004401,10044,"A31","Selief Bay Airport","Selief Bay, AK",101,1,"United States","US","Alaska","AK","02",3004401,30044,"Selief Bay, AK",101,1,58,"N",58,58,58.98277778,153,"W",11,0,-153.18333333,"",2001-01-01,,0,1,
1004701,10047,"A34","Laura Lake Airport","Laura Lake, AK",101,1,"United States","US","Alaska","AK","02",3004701,30047,"Laura Lake, AK",101,1,58,"N",21,43,58.36194444,152,"W",18,44,-152.31222222,"",2002-07-01,,0,1,
1004901,10049,"A36","Deep Bay Airport","Deep Bay, AK",101,1,"United States","US","Alaska","AK","02",3004901,30049,"Deep Bay, AK",101,1,55,"N",33,37,55.56027778,131,"W",39,20,-131.65555556,"",2001-01-01,,0,1,
1005001,10050,"A37","Kako Airport","Kako, AK",101,1,"United States","US","Alaska","AK","02",3005001,30050,"Kako, AK",101,1,61,"N",53,56,61.89888889,161,"W",26,17,-161.43805556,"",2003-01-01,2011-06-30,0,0,
1005002,10050,"A37","Kako Airport","Kako, AK",101,1,"United States","US","Alaska","AK","02",3005001,30050,"Kako, AK",101,1,61,"N",53,56,61.89888889,161,"W",26,23,-161.43972222,"",2011-07-01,,0,1,
1005101,10051,"A38","Molly Creek Airport","Molly Creek, AK",101,1,"United States","US","Alaska","AK","02",3005101,30051,"Molly Creek, AK",101,1,64,"N",5,50,64.09722222,143,"W",16,0,-143.26666667,"",2003-01-01,,0,1,
1005201,10052,"A39","Ptarmigan Lake Airport","Ptarmigan Lake, AK",101,1,"United States","US","Alaska","AK","02",3005201,30052,"Ptarmigan Lake, AK",101,1,61,"N",51,58,61.86611111,141,"W",9,35,-141.15972222,"",2003-01-01,,0,1,
1005301,10053,"A40","Cape Simpson Airport","Cape Simpson, AK",101,1,"United States","US","Alaska","AK","02",3005301,30053,"Cape Simpson, AK",101,1,71,"N",3,25,71.05694444,154,"W",43,42,-154.72833333,"",2002-07-01,,0,1,
1005401,10054,"A41","Kogru River Airport","Kogru River, AK",101,1,"United States","US","Alaska","AK","02",3005401,30054,"Kogru River, AK",101,1,70,"N",34,34,70.57611111,152,"W",16,16,-152.27111111,"",2002-07-01,2011-06-30,0,0,
1005402,10054,"A41","Kogru River Airport","Kogru River, AK",101,1,"United States","US","Alaska","AK","02",3005401,30054,"Kogru River, AK",101,1,70,"N",34,29,70.57472222,152,"W",15,32,-152.25888889,"",2011-07-01,2013-03-31,1,1,
1005501,10055,"A42","Teshepkuk Lake Airport","Teshepkuk Lake, AK",101,1,"United States","US","Alaska","AK","02",3005501,30055,"Teshepkuk Lake, AK",101,1,70,"N",21,30,70.35833333,153,"W",11,48,-153.19666667,"",2004-01-01,,0,1,
1005601,10056,"A43","Trident Basin Seaplane Base","Kodiak Island, AK",101,1,"United States","US","Alaska","AK","02",3005601,30056,"Kodiak Island, AK",101,1,57,"N",46,51,57.78083333,152,"W",23,28,-152.39111111,"",2003-04-01,,0,1,
1005801,10058,"A45","Lake Florence Airport","Lake Florence, AK",101,1,"United States","US","Alaska","AK","02",3005801,30058,"Lake Florence, AK",101,1,57,"N",49,0,57.81666667,134,"W",35,0,-134.58333333,"",2004-07-01,,0,1,
1005901,10059,"A46","Lake Hasselborg Airport","Lake Hasselborg, AK",101,1,"United States","US","Alaska","AK","02",3005901,30059,"Lake Hasselborg, AK",101,1,57,"N",42,0,57.70000000,134,"W",16,0,-134.26666667,"",2004-07-01,,0,1,
1006001,10060,"A47","Distin Lake Airport","Distin Lake, AK",101,1,"United States","US","Alaska","AK","02",3006001,30060,"Distin Lake, AK",101,1,57,"N",37,0,57.61666667,134,"W",22,0,-134.36666667,"",2004-07-01,,0,1,
1006101,10061,"A48","Port Hobron Airport","Port Hobron, AK",101,1,"United States","US","Alaska","AK","02",3006101,30061,"Port Hobron, AK",101,1,57,"N",9,0,57.15000000,153,"W",9,0,-153.15000000,"",2004-07-01,,0,1,
1006201,10062,"A49","Mooseville Airstrip Airport","Mooseville Airstrip, AK",101,1,"United States","US","Alaska","AK","02",3006201,30062,"Mooseville Airstrip, AK",101,1,70,"N",17,4,70.28444444,152,"W",12,43,-152.21194444,"",2005-01-01,,0,1,
1006301,10063,"A50","Big Bay Airport","Big Bay, AK",101,1,"United States","US","Alaska","AK","02",3006301,30063,"Big Bay, AK",101,1,58,"N",33,45,58.56250000,152,"W",35,46,-152.59611111,"",2005-01-01,,0,1,
1006401,10064,"A51","Wien Lake Airport","Wien Lake, AK",101,1,"United States","US","Alaska","AK","02",3006401,30064,"Wien Lake, AK",101,1,64,"N",21,10,64.35277778,151,"W",16,30,-151.27500000,"",2005-01-01,,0,1,
1006501,10065,"A52","Silver Salmon Creek Airport","Silver Salmon Creek, AK",101,1,"United States","US","Alaska","AK","02",3006501,30065,"Silver Salmon Creek, AK",101,1,59,"N",57,50,59.96388889,152,"W",40,56,-152.68222222,"",2003-04-01,,0,1,
1006601,10066,"A53","Blear Lake Airport","Blear Lake, AK",101,1,"United States","US","Alaska","AK","02",3006601,30066,"Blear Lake, AK",101,1,64,"N",20,0,64.33333333,147,"W",30,0,-147.50000000,"",2005-06-01,,0,1,
1006701,10067,"A54","Cannery Bay Airport","Cannery Bay, AK",101,1,"United States","US","Alaska","AK","02",3006701,30067,"Cannery Bay, AK",101,1,53,"N",41,0,53.68333333,166,"W",45,0,-166.75000000,"",2005-01-01,,0,1,
1006901,10069,"A56","Johnsons Landing","Bear Lake, AK",101,1,"United States","US","Alaska","AK","02",3006901,30069,"Bear Lake, AK",101,1,56,"N",2,12,56.03666667,160,"W",15,58,-160.26611111,"",2005-03-01,,0,1,
1007001,10070,"VZK","International Seafoods Airport","International Seafoods, AK",101,1,"United States","US","Alaska","AK","02",3644001,36440,"International Seafoods, AK",101,1,58,"N",16,0,58.26666667,157,"W",32,0,-157.53333333,"",1999-04-01,2001-09-30,0,0,
1007002,10070,"A57","International Seafoods Airport","International Seafoods, AK",101,1,"United States","US","Alaska","AK","02",3644001,36440,"International Seafoods, AK",101,1,58,"N",16,0,58.26666667,157,"W",32,0,-157.53333333,"",2001-10-01,,0,1,
1007101,10071,"A58","Cosna River Airport","Cosna River, AK",101,1,"United States","US","Alaska","AK","02",3007101,30071,"Cosna River, AK",101,1,64,"N",30,0,64.50000000,151,"W",40,0,-151.66666667,"",2005-04-01,,0,1,
1007201,10072,"A59","Ivatuk Airport","Ivatuk, AK",101,1,"United States","US","Alaska","AK","02",3007201,30072,"Ivatuk, AK",101,1,68,"N",29,16,68.48777778,155,"W",45,27,-155.75750000,"",2005-04-01,,0,1,
1007401,10074,"A61","Cape Sarichef AFS","Cape Sarichef, AK",101,1,"United States","US","Alaska","AK","02",3007401,30074,"Cape Sarichef, AK",101,1,54,"N",35,0,54.58333333,164,"W",54,45,-164.91250000,"",1999-03-01,2011-06-30,0,0,
1007402,10074,"A61","Cape Sarichef Airport","Cape Sarichef, AK",101,1,"United States","US","Alaska","AK","02",3007401,30074,"Cape Sarichef, AK",101,1,54,"N",34,57,54.58250000,164,"W",54,52,-164.91444444,"",2011-07-01,,0,1,
1007501,10075,"A62","Taylor Mountain","Taylor Mountain Mine, AK",101,1,"United States","US","Alaska","AK","02",3007501,30075,"Taylor Mountain Mine, AK",101,1,60,"N",52,4,60.86777778,157,"W",23,31,-157.39194444,"",2005-04-01,,0,1,
1007601,10076,"A63","Coal Creek","Yukon Charley Rivvers, AK",101,1,"United States","US","Alaska","AK","02",3007601,30076,"Yukon Charley Rivvers, AK",101,1,65,"N",18,40,65.31111111,143,"W",8,7,-143.13527778,"",2005-06-01,2011-06-30,0,0,
1007602,10076,"A63","Coal Creek","Yukon Charley Rivvers, AK",101,1,"United States","US","Alaska","AK","02",3007601,30076,"Yukon Charley Rivvers, AK",101,1,65,"N",18,41,65.31138889,143,"W",8,8,-143.13555556,"",2011-07-01,2015-11-30,0,0,
1007603,10076,"A63","Coal Creek","Yukon Charley Rivvers, AK",101,1,"United States","US","Alaska","AK","02",3007601,30076,"Yukon Charley Rivvers, AK",101,1,65,"N",18,42,65.31166667,143,"W",8,3,-143.13416667,"",2015-12-01,,0,1,
1007801,10078,"A65","Karluk Portage Airport","Karluk Portage, AK",101,1,"United States","US","Alaska","AK","02",3007801,30078,"Karluk Portage, AK",101,1,57,"N",32,18,57.53833333,154,"W",9,52,-154.16444444,"",2005-06-01,,0,1,
1007901,10079,"A66","Hope Airport","Hope, AK",101,1,"United States","US","Alaska","AK","02",3007901,30079,"Hope, AK",101,1,60,"N",54,20,60.90555556,149,"W",37,26,-149.62388889,"",2005-08-01,2011-06-30,0,0,
1007902,10079,"A66","Hope Airport","Hope, AK",101,1,"United States","US","Alaska","AK","02",3007901,30079,"Hope, AK",101,1,60,"N",54,15,60.90416667,149,"W",37,26,-149.62388889,"",2011-07-01,2015-03-31,0,0,
1007903,10079,"A66","Hope Airport","Hope, AK",101,1,"United States","US","Alaska","AK","02",3007901,30079,"Hope, AK",101,1,60,"N",54,26,60.90722222,149,"W",37,22,-149.62277778,"",2015-04-01,,0,1,
1008001,10080,"A67","Viekoda Bay Airport","Viekoda Bay, AK",101,1,"United States","US","Alaska","AK","02",3008001,30080,"Viekoda Bay, AK",101,1,57,"N",50,58,57.84944444,153,"W",6,55,-153.11527778,"",2005-07-01,,0,1,
1008201,10082,"A69","Cathedral Strip","Cold Bay, AK",101,1,"United States","US","Alaska","AK","02",3008201,30082,"Cold Bay, AK",101,1,55,"N",44,24,55.74000000,162,"W",7,31,-162.12527778,"",2005-07-01,,0,1,
1008301,10083,"A70","Village Islands Airport","Village Islands, AK",101,1,"United States","US","Alaska","AK","02",3008301,30083,"Village Islands, AK",101,1,57,"N",46,27,57.77416667,153,"W",32,41,-153.54472222,"",2005-10-01,,0,1,
1008401,10084,"A71","Bear Cove Farm","Homer, AK",101,1,"United States","US","Alaska","AK","02",3000901,30009,"Homer, AK",101,1,59,"N",44,18,59.73833333,151,"W",1,48,-151.03000000,"",2005-04-01,,0,1,
1008501,10085,"A72","Chinitna Bay Airport","Chinitna Bay, AK",101,1,"United States","US","Alaska","AK","02",3008501,30085,"Chinitna Bay, AK",101,1,59,"N",50,0,59.83333333,152,"W",35,5,-152.58472222,"",2005-04-01,,0,1,
1008601,10086,"A73","McKinley National Park","McKinley Park, AK",101,1,"United States","US","Alaska","AK","02",3008601,30086,"McKinley Park, AK",101,1,63,"N",43,57,63.73250000,148,"W",54,38,-148.91055556,"",1950-01-01,,0,1,
1008701,10087,"A74","Dog Fish Bay","Nanwalek, AK",101,1,"United States","US","Alaska","AK","02",3264901,32649,"Nanwalek, AK",101,1,59,"N",14,28,59.24111111,151,"W",52,38,-151.87722222,"",2005-04-01,,0,1,
1008801,10088,"A75","Malina Bay Airport","Malina Bay, AK",101,1,"United States","US","Alaska","AK","02",3008801,30088,"Malina Bay, AK",101,1,58,"N",10,19,58.17194444,152,"W",53,39,-152.89416667,"",2005-10-01,,0,1,
1008901,10089,"A76","Red Fox Bay Airport","Red Fox Bay, AK",101,1,"United States","US","Alaska","AK","02",3008901,30089,"Red Fox Bay, AK",101,1,58,"N",27,52,58.46444444,152,"W",35,35,-152.59305556,"",2005-10-01,,0,1,
1009001,10090,"A77","Shearwater Airport","Shearwater, AK",101,1,"United States","US","Alaska","AK","02",3009001,30090,"Shearwater, AK",101,1,57,"N",20,36,57.34333333,152,"W",53,50,-152.89722222,"",2005-10-01,,0,1,
1009101,10091,"A78","Lake","Cape Simpson, AK",101,1,"United States","US","Alaska","AK","02",3005301,30053,"Cape Simpson, AK",101,1,71,"N",1,48,71.03000000,154,"W",26,37,-154.44361111,"",2005-10-01,,0,1,
1009201,10092,"A79","Cape Simpson No. 1","Cape Simpson, AK",101,1,"United States","US","Alaska","AK","02",3005301,30053,"Cape Simpson, AK",101,1,71,"N",30,6,71.50166667,154,"W",2,2,-154.03388889,"",2005-10-01,,0,1,
1009301,10093,"A80","Cape Simpson No. 7","Cape Simpson, AK",101,1,"United States","US","Alaska","AK","02",3005301,30053,"Cape Simpson, AK",101,1,70,"N",34,26,70.57388889,155,"W",19,17,-155.32138889,"",2005-10-01,,0,1,
1009401,10094,"A81","Cape Simpson #1","Aglaq, AK",101,1,"United States","US","Alaska","AK","02",3009401,30094,"Aglaq, AK",101,1,70,"N",39,46,70.66277778,154,"W",50,12,-154.83666667,"",2006-01-01,,0,1,
1009501,10095,"A82","Nikiski Private Airstrip","Nikiski, AK",101,1,"United States","US","Alaska","AK","02",3009501,30095,"Nikiski, AK",101,1,60,"N",41,25,60.69027778,151,"W",17,20,-151.28888889,"",2006-01-01,,0,1,
1009601,10096,"A83","Petrof Point Airport","Petrof Point, AK",101,1,"United States","US","Alaska","AK","02",3009601,30096,"Petrof Point, AK",101,1,59,"N",22,35,59.37638889,150,"W",45,54,-150.76500000,"",2006-03-01,,0,1,
1009701,10097,"A84","Denali West Lodge Private","Denali, AK",101,1,"United States","US","Alaska","AK","02",3009701,30097,"Denali, AK",101,1,63,"N",45,20,63.75555556,147,"W",55,48,-147.93000000,"",2006-06-01,,0,1,
1009801,10098,"A85","Big River Airport","Big River, AK",101,1,"United States","US","Alaska","AK","02",3009801,30098,"Big River, AK",101,1,61,"N",51,34,61.85944444,154,"W",16,36,-154.27666667,"",2002-10-01,,0,1,
1010001,10100,"A87","Carry Inlet Airport","Carry Inlet, AK",101,1,"United States","US","Alaska","AK","02",3010001,30100,"Carry Inlet, AK",101,1,58,"N",34,59,58.58305556,152,"W",26,45,-152.44583333,"",2006-07-01,,0,1,
1010201,10102,"A89","Montague Island Airport","Montague Island, AK",101,1,"United States","US","Alaska","AK","02",3010201,30102,"Montague Island, AK",101,1,59,"N",55,30,59.92500000,147,"W",31,0,-147.51666667,"",2006-10-01,,0,1,
1010301,10103,"A90","Shannon Pond Airport","Shannon Pond, AK",101,1,"United States","US","Alaska","AK","02",3010301,30103,"Shannon Pond, AK",101,1,59,"N",2,21,59.03916667,158,"W",27,50,-158.46388889,"",2007-01-01,,0,1,
1010401,10104,"A91","Omalik Lagoon Airport","Omalik Lagoon, AK",101,1,"United States","US","Alaska","AK","02",3010401,30104,"Omalik Lagoon, AK",101,1,69,"N",9,20,69.15555556,163,"W",29,50,-163.49722222,"",2007-01-01,,0,1,
1010501,10105,"A92","Omolik Lagoon Airport","Omolik Lagoon, AK",101,1,"United States","US","Alaska","AK","02",3010501,30105,"Omolik Lagoon, AK",101,1,69,"N",8,53,69.14805556,163,"W",30,37,-163.51027778,"",2007-04-01,,0,1,
1010601,10106,"A93","Bradley Lake Project Airport","Bradley Lake Project, AK",101,1,"United States","US","Alaska","AK","02",3010601,30106,"Bradley Lake Project, AK",101,1,59,"N",47,30,59.79166667,151,"W",16,0,-151.26666667,"",2007-04-01,,0,1,
1010701,10107,"A94","Ice Strip","Barrow, AK",101,1,"United States","US","Alaska","AK","02",3010701,30107,"Barrow, AK",101,1,70,"N",34,27,70.57416667,155,"W",19,5,-155.31805556,"",2007-01-01,,0,1,
1010801,10108,"A95","Ice Strip","Barrow, AK",101,1,"United States","US","Alaska","AK","02",3010701,30107,"Barrow, AK",101,1,70,"N",18,43,70.31194444,153,"W",14,57,-153.24916667,"",2007-03-01,,0,1,
1010901,10109,"A96","Ice Strip","Barrow, AK",101,1,"United States","US","Alaska","AK","02",3010701,30107,"Barrow, AK",101,1,70,"N",58,51,70.98083333,157,"W",5,42,-157.09500000,"",2007-03-01,,0,1,
1011001,10110,"A97","Akulik Air Strip","Akulik, AK",101,1,"United States","US","Alaska","AK","02",3011001,30110,"Akulik, AK",101,1,68,"N",59,8,68.98555556,163,"W",28,47,-163.47972222,"",2007-06-01,,0,1,
1011101,10111,"A98","Deadfall Air Strip","Deadfall, AK",101,1,"United States","US","Alaska","AK","02",3011101,30111,"Deadfall, AK",101,1,69,"N",10,15,69.17083333,163,"W",15,23,-163.25638889,"",2007-07-01,,0,1,
1011201,10112,"A99","Eagle Creek Airport","Eagle Creek, AK",101,1,"United States","US","Alaska","AK","02",3011201,30112,"Eagle Creek, AK",101,1,68,"N",40,36,68.67666667,162,"W",38,49,-162.64694444,"",2007-07-01,,0,1,
1011301,10113,"AA1","Ice Kong","Bethel, AK",101,1,"United States","US","Alaska","AK","02",3011301,30113,"Bethel, AK",101,1,59,"N",57,10,59.95277778,162,"W",37,1,-162.61694444,"",2009-03-01,,0,1,
1011601,10116,"AA4","Glacier Split","Kachemak Bay, AK",101,1,"United States","US","Alaska","AK","02",3011601,30116,"Kachemak Bay, AK",101,1,59,"N",38,0,59.63333333,151,"W",12,30,-151.20833333,"",2009-06-01,,0,1,
1011701,10117,"AA5","Selby Lake Airport","Selby Lake, AK",101,1,"United States","US","Alaska","AK","02",3011701,30117,"Selby Lake, AK",101,1,66,"N",57,21,66.95583333,155,"W",36,54,-155.61500000,"",2010-01-01,,0,1,
1011801,10118,"AAA","Anaa Airport","Anaa, French Polynesia",82301,823,"French Polynesia","PF","","","",3011801,30118,"Anaa, French Polynesia",82301,823,17,"S",21,14,-17.35388889,145,"W",30,35,-145.50972222,"-1000",1977-06-01,2011-06-30,0,0,
1011802,10118,"AAA","Anaa Airport","Anaa, French Polynesia",82301,823,"French Polynesia","PF","","","",3011801,30118,"Anaa, French Polynesia",82301,823,17,"S",21,9,-17.35250000,145,"W",30,36,-145.51000000,"-1000",2011-07-01,,0,1,
1011901,10119,"AAB","Arrabury Station","Arrabury, Australia",80201,802,"Australia","AU","","","",3011901,30119,"Arrabury, Australia",80201,802,26,"S",42,0,-26.70000000,141,"E",2,30,141.04166667,"+1000",1950-01-01,,0,1,
1012001,10120,"AAC","El Arish International","El Arish, Egypt",59101,591,"Egypt","EG","","","",3012001,30120,"El Arish, Egypt",59101,591,31,"N",4,35,31.07638889,33,"E",50,0,33.83333333,"+0200",1983-01-01,2011-06-30,0,0,
1012002,10120,"AAC","El Arish International","El Arish, Egypt",59101,591,"Egypt","EG","","","",3012001,30120,"El Arish, Egypt",59101,591,31,"N",4,24,31.07333333,33,"E",50,9,33.83583333,"+0200",2011-07-01,,0,1,
1012101,10121,"AAE","Rabah Bitat","Annaba, Algeria",50001,500,"Algeria","DZ","","","",3012101,30121,"Annaba, Algeria",50001,500,36,"N",49,18,36.82166667,7,"E",48,36,7.81000000,"+0100",1962-07-01,2011-06-30,0,0,
1012102,10121,"AAE","Rabah Bitat","Annaba, Algeria",50001,500,"Algeria","DZ","","","",3012101,30121,"Annaba, Algeria",50001,500,36,"N",49,20,36.82222222,7,"E",48,34,7.80944444,"+0100",2011-07-01,,0,1,
1012201,10122,"AAF","Apalachicola Regional","Apalachicola, FL",3301,33,"United States","US","Florida","FL","12",3012201,30122,"Apalachicola, FL",3301,33,29,"N",43,39,29.72750000,85,"W",1,39,-85.02750000,"-0500",2003-01-01,2014-05-31,0,0,
1012202,10122,"AAF","Apalachicola Regional Cleve Randolph Field","Apalachicola, FL",3301,33,"United States","US","Florida","FL","12",3012201,30122,"Apalachicola, FL",3301,33,29,"N",43,39,29.72750000,85,"W",1,39,-85.02750000,"-0500",2014-06-01,,0,1,
1012301,10123,"AAH","Aachen/Merzbruck","Aachen, West Germany",42901,429,"West Germany","DE","","","",3012301,30123,"Aachen, West Germany",42901,429,50,"N",49,23,50.82305556,6,"E",11,10,6.18611111,"+0100",1950-01-01,1990-09-30,0,0,
1012302,10123,"AAH","Aachen/Merzbruck","Aachen, Germany",42902,429,"Germany","DE","","","",3012302,30123,"Aachen, Germany",42902,429,50,"N",49,23,50.82305556,6,"E",11,10,6.18611111,"+0100",1990-10-01,2011-06-30,0,0,
1012303,10123,"AAH","Aachen/Merzbruck","Aachen, Germany",42902,429,"Germany","DE","","","",3012302,30123,"Aachen, Germany",42902,429,50,"N",49,23,50.82305556,6,"E",11,15,6.18750000,"+0100",2011-07-01,,0,1,
1012401,10124,"AAI","Arraias Airport","Arraias, Brazil",31601,316,"Brazil","BR","","","",3012401,30124,"Arraias, Brazil",31601,316,12,"S",55,0,-12.91666667,46,"W",56,0,-46.93333333,"-0300",1950-01-01,2011-06-30,0,0,
1012402,10124,"AAI","Arraias Airport","Arraias, Brazil",31601,316,"Brazil","BR","","","",3012401,30124,"Arraias, Brazil",31601,316,13,"S",1,30,-13.02500000,46,"W",53,3,-46.88416667,"-0300",2011-07-01,2012-03-31,0,0,
1012403,10124,"AAI","Arraias Airport","Arraias, Brazil",31601,316,"Brazil","BR","","","",3012401,30124,"Arraias, Brazil",31601,316,13,"S",1,33,-13.02583333,46,"W",53,1,-46.88361111,"-0300",2012-04-01,,0,1,
1012501,10125,"AAL","Aalborg Airport","Aalborg, Denmark",41901,419,"Denmark","DK","","","",3012501,30125,"Aalborg, Denmark",41901,419,57,"N",5,35,57.09305556,9,"E",51,0,9.85000000,"+0100",1950-01-01,2011-06-30,0,0,
1012502,10125,"AAL","Aalborg Airport","Aalborg, Denmark",41901,419,"Denmark","DK","","","",3012501,30125,"Aalborg, Denmark",41901,419,57,"N",5,34,57.09277778,9,"E",50,57,9.84916667,"+0100",2011-07-01,,0,1,
1012601,10126,"AAM","Malamala","Mala Mala, South Africa",56201,562,"South Africa","ZA","","","",3012601,30126,"Mala Mala, South Africa",56201,562,24,"S",48,30,-24.80833333,31,"E",32,30,31.54166667,"+0200",1991-03-01,2011-06-30,0,0,
1012602,10126,"AAM","Malamala","Mala Mala, South Africa",56201,562,"South Africa","ZA","","","",3012601,30126,"Mala Mala, South Africa",56201,562,24,"S",49,1,-24.81694444,31,"E",32,39,31.54416667,"+0200",2011-07-01,,0,1,
1012701,10127,"AAN","Al Ain International","Al Ain, United Arab Emirates",67801,678,"United Arab Emirates","AE","","","",3012701,30127,"Al Ain, United Arab Emirates",67801,678,24,"N",15,42,24.26166667,55,"E",36,33,55.60916667,"+0400",1994-06-01,2012-06-30,0,0,
1012702,10127,"AAN","Al Ain International","Al Ain, United Arab Emirates",67801,678,"United Arab Emirates","AE","","","",3012701,30127,"Al Ain, United Arab Emirates",67801,678,24,"N",15,43,24.26194444,55,"E",36,27,55.60750000,"+0400",2012-07-01,,0,1,
1012801,10128,"AAO","Anaco Airport","Anaco, Venezuela",38801,388,"Venezuela","VE","","","",3012801,30128,"Anaco, Venezuela",38801,388,9,"N",25,55,9.43194444,64,"W",27,50,-64.46388889,"-0430",1950-01-01,2011-06-30,0,0,
1012802,10128,"AAO","Anaco Airport","Anaco, Venezuela",38801,388,"Venezuela","VE","","","",3012801,30128,"Anaco, Venezuela",38801,388,9,"N",25,49,9.43027778,64,"W",28,15,-64.47083333,"-0430",2011-07-01,2012-02-29,0,0,
1012803,10128,"AAO","Anaco Airport","Anaco, Venezuela",38801,388,"Venezuela","VE","","","",3012801,30128,"Anaco, Venezuela",38801,388,9,"N",25,48,9.43000000,64,"W",28,15,-64.47083333,"-0430",2012-03-01,,0,1,
1012901,10129,"AAQ","Vityazevo","Anapa, Russia",47501,475,"Russia","RU","","","",3012901,30129,"Anapa, Russia",47501,475,44,"N",54,0,44.90000000,37,"E",19,0,37.31666667,"+0400",1993-06-01,2011-06-30,0,0,
1012902,10129,"AAQ","Vityazevo","Anapa, Russia",47501,475,"Russia","RU","","","",3012901,30129,"Anapa, Russia",47501,475,45,"N",0,8,45.00222222,37,"E",20,50,37.34722222,"+0400",2011-07-01,2015-03-31,0,0,
1012903,10129,"AAQ","Anapa Airport","Anapa, Russia",47501,475,"Russia","RU","","","",3012901,30129,"Anapa, Russia",47501,475,45,"N",0,8,45.00222222,37,"E",20,50,37.34722222,"+0400",2015-04-01,,0,1,
1013001,10130,"AAR","Tirstrup","Aarhus, Denmark",41901,419,"Denmark","DK","","","",3013001,30130,"Aarhus, Denmark",41901,419,56,"N",18,37,56.31027778,10,"E",37,5,10.61805556,"+0100",1950-01-01,1992-08-31,0,0,
1013002,10130,"AAR","Tirstrup","Aarhus, Denmark",41901,419,"Denmark","DK","","","",3013001,30130,"Aarhus, Denmark",41901,419,56,"N",18,14,56.30388889,10,"E",37,12,10.62000000,"+0100",1992-09-01,2011-06-30,0,0,
1013003,10130,"AAR","Aarhus Airport","Aarhus, Denmark",41901,419,"Denmark","DK","","","",3013001,30130,"Aarhus, Denmark",41901,419,56,"N",18,0,56.30000000,10,"E",37,8,10.61888889,"+0100",2011-07-01,,0,1,
1013101,10131,"AAU","Asau W Sam","Asau, Samoa",89201,892,"Samoa","WS","","","",3013101,30131,"Asau, Samoa",89201,892,13,"S",31,0,-13.51666667,172,"W",39,0,-172.65000000,"+1300",1977-06-01,,0,1,
1013201,10132,"AAX","Araxa Airport","Araxa, Brazil",31601,316,"Brazil","BR","","","",3013201,30132,"Araxa, Brazil",31601,316,19,"S",34,5,-19.56805556,46,"W",55,45,-46.92916667,"-0300",1950-01-01,2011-06-30,0,0,
1013202,10132,"AAX","Araxa Airport","Araxa, Brazil",31601,316,"Brazil","BR","","","",3013201,30132,"Araxa, Brazil",31601,316,19,"S",33,48,-19.56333333,46,"W",57,37,-46.96027778,"-0300",2011-07-01,,0,1,
1013401,10134,"ABD","Abadan Airport","Abadan, Iran",63201,632,"Iran","IR","","","",3013401,30134,"Abadan, Iran",63201,632,30,"N",21,58,30.36611111,48,"E",13,56,48.23222222,"+0330",1977-06-01,1979-11-30,0,0,
1013402,10134,"ABD","Abadan Airport","Abadan, Iran",63202,632,"Iran","IR","","","",3013402,30134,"Abadan, Iran",63202,632,30,"N",21,58,30.36611111,48,"E",13,56,48.23222222,"+0330",1979-12-01,2011-06-30,0,0,
1013403,10134,"ABD","Abadan Airport","Abadan, Iran",63202,632,"Iran","IR","","","",3013402,30134,"Abadan, Iran",63202,632,30,"N",21,55,30.36527778,48,"E",13,59,48.23305556,"+0330",2011-07-01,,0,1,
1013501,10135,"ABE","Lehigh Valley International","Allentown/Bethlehem/Easton, PA",2301,23,"United States","US","Pennsylvania","PA","42",3013501,30135,"Allentown/Bethlehem/Easton, PA",2301,23,40,"N",39,17,40.65472222,75,"W",26,18,-75.43833333,"-0500",1950-01-01,2011-06-30,0,0,
1013502,10135,"ABE","Lehigh Valley International","Allentown/Bethlehem/Easton, PA",2301,23,"United States","US","Pennsylvania","PA","42",3013501,30135,"Allentown/Bethlehem/Easton, PA",2301,23,40,"N",39,8,40.65222222,75,"W",26,25,-75.44027778,"-0500",2011-07-01,2012-03-31,0,0,
1013503,10135,"ABE","Lehigh Valley International","Allentown/Bethlehem/Easton, PA",2301,23,"United States","US","Pennsylvania","PA","42",3013501,30135,"Allentown/Bethlehem/Easton, PA",2301,23,40,"N",39,8,40.65222222,75,"W",26,26,-75.44055556,"-0500",2012-04-01,,0,1,
1013601,10136,"ABI","Abilene Regional","Abilene, TX",7401,74,"United States","US","Texas","TX","48",3013601,30136,"Abilene, TX",7401,74,32,"N",24,34,32.40944444,99,"W",40,47,-99.67972222,"-0600",1950-01-01,1990-08-31,0,0,
1013602,10136,"ABI","Abilene Regional","Abilene, TX",7401,74,"United States","US","Texas","TX","48",3013601,30136,"Abilene, TX",7401,74,32,"N",24,40,32.41111111,99,"W",40,54,-99.68166667,"-0600",1990-09-01,2011-06-30,0,0,
1013603,10136,"ABI","Abilene Regional","Abilene, TX",7401,74,"United States","US","Texas","TX","48",3013601,30136,"Abilene, TX",7401,74,32,"N",24,41,32.41138889,99,"W",40,55,-99.68194444,"-0600",2011-07-01,,0,1,
1013701,10137,"ABJ","Abidjan Felix Houphouet Boigny International","Abidjan, Cote d'Ivoire",53301,533,"Cote d'Ivoire","CI","","","",3013701,30137,"Abidjan, Cote d'Ivoire",53301,533,5,"N",15,20,5.25555556,3,"W",55,45,-3.92916667,"+0000",1960-08-01,2011-06-30,0,0,
1013702,10137,"ABJ","Abidjan Felix Houphouet Boigny International","Abidjan, Cote d'Ivoire",53301,533,"Cote d'Ivoire","CI","","","",3013701,30137,"Abidjan, Cote d'Ivoire",53301,533,5,"N",15,41,5.26138889,3,"W",55,33,-3.92583333,"+0000",2011-07-01,2015-03-31,0,0,
1013703,10137,"ABJ","Felix Houphouet Boigny Abidjan","Abidjan, Cote d'Ivoire",53301,533,"Cote d'Ivoire","CI","","","",3013701,30137,"Abidjan, Cote d'Ivoire",53301,533,5,"N",15,41,5.26138889,3,"W",55,33,-3.92583333,"+0000",2015-04-01,2015-04-30,0,0,
1013704,10137,"ABJ","Felix Houphouet Boigny Abidjan International","Abidjan, Cote d'Ivoire",53301,533,"Cote d'Ivoire","CI","","","",3013701,30137,"Abidjan, Cote d'Ivoire",53301,533,5,"N",15,41,5.26138889,3,"W",55,33,-3.92583333,"+0000",2015-05-01,,0,1,
1013801,10138,"ABK","Kabri Dar Airport","Kabri Dar, Ethiopia",52201,522,"Ethiopia","ET","","","",3013801,30138,"Kabri Dar, Ethiopia",52201,522,6,"N",44,2,6.73388889,44,"E",15,58,44.26611111,"+0300",1976-06-01,2011-06-30,0,0,
1013802,10138,"ABK","Kebri Dahar","Kabri Dar, Ethiopia",52201,522,"Ethiopia","ET","","","",3013801,30138,"Kabri Dar, Ethiopia",52201,522,6,"N",43,58,6.73277778,44,"E",14,30,44.24166667,"+0300",2011-07-01,2015-03-31,0,0,
1013803,10138,"ABK","Kebri Dahar","Kabri Dar, Ethiopia",52201,522,"Ethiopia","ET","","","",3013801,30138,"Kabri Dar, Ethiopia",52201,522,6,"N",43,58,6.73277778,44,"E",14,29,44.24138889,"+0300",2015-04-01,,0,1,
1013901,10139,"ABL","Ambler River","Ambler, AK",101,1,"United States","US","Alaska","AK","02",3013901,30139,"Ambler, AK",101,1,67,"N",5,15,67.08750000,157,"W",50,45,-157.84583333,"-0900",1950-01-01,,0,1,
1014001,10140,"ABQ","Albuquerque International Sunport","Albuquerque, NM",8601,86,"United States","US","New Mexico","NM","35",3014001,30140,"Albuquerque, NM",8601,86,35,"N",2,30,35.04166667,106,"W",36,23,-106.60638889,"-0700",1950-01-01,2011-06-30,0,0,
1014002,10140,"ABQ","Albuquerque International Sunport","Albuquerque, NM",8601,86,"United States","US","New Mexico","NM","35",3014001,30140,"Albuquerque, NM",8601,86,35,"N",2,25,35.04027778,106,"W",36,33,-106.60916667,"-0700",2011-07-01,2014-05-31,0,0,
1014003,10140,"ABQ","Albuquerque International Sunport","Albuquerque, NM",8601,86,"United States","US","New Mexico","NM","35",3014001,30140,"Albuquerque, NM",8601,86,35,"N",2,20,35.03888889,106,"W",36,30,-106.60833333,"-0700",2014-06-01,,0,1,
1014101,10141,"ABR","Aberdeen Regional","Aberdeen, SD",6701,67,"United States","US","South Dakota","SD","46",3014101,30141,"Aberdeen, SD",6701,67,45,"N",26,59,45.44972222,98,"W",25,18,-98.42166667,"-0600",1950-01-01,2011-06-30,0,0,
1014102,10141,"ABR","Aberdeen Regional","Aberdeen, SD",6701,67,"United States","US","South Dakota","SD","46",3014101,30141,"Aberdeen, SD",6701,67,45,"N",26,57,45.44916667,98,"W",25,19,-98.42194444,"-0600",2011-07-01,2014-05-31,0,0,
1014103,10141,"ABR","Aberdeen Regional","Aberdeen, SD",6701,67,"United States","US","South Dakota","SD","46",3014101,30141,"Aberdeen, SD",6701,67,45,"N",26,54,45.44833333,98,"W",25,21,-98.42250000,"-0600",2014-06-01,,0,1,
1014201,10142,"ABS","Abu Simbel Airport","Abu Simbel, Egypt",59101,591,"Egypt","EG","","","",3014201,30142,"Abu Simbel, Egypt",59101,591,22,"N",22,20,22.37222222,31,"E",36,55,31.61527778,"+0200",1950-01-01,2011-06-30,0,0,
1014202,10142,"ABS","Abu Simbel Airport","Abu Simbel, Egypt",59101,591,"Egypt","EG","","","",3014201,30142,"Abu Simbel, Egypt",59101,591,22,"N",22,29,22.37472222,31,"E",36,34,31.60944444,"+0200",2011-07-01,2013-07-31,0,0,
1014203,10142,"ABS","Abu Simbel Airport","Abu Simbel, Egypt",59101,591,"Egypt","EG","","","",3014201,30142,"Abu Simbel, Egypt",59101,591,22,"N",22,33,22.37583333,31,"E",36,42,31.61166667,"+0200",2013-08-01,,0,1,
1014301,10143,"BBH","Al-Baha Airport","Al-Baha, Saudi Arabia",67001,670,"Saudi Arabia","SA","","","",3014301,30143,"Al-Baha, Saudi Arabia",67001,670,20,"N",17,46,20.29611111,41,"E",38,3,41.63416667,"+0300",1983-06-01,1985-05-31,0,0,
1014302,10143,"ABT","Al-Baha Airport","Al-Baha, Saudi Arabia",67001,670,"Saudi Arabia","SA","","","",3014301,30143,"Al-Baha, Saudi Arabia",67001,670,20,"N",17,46,20.29611111,41,"E",38,3,41.63416667,"+0300",1985-06-01,2016-06-30,0,0,
1014303,10143,"ABT","King Saud Bin Abdulaziz","Al-Baha, Saudi Arabia",67001,670,"Saudi Arabia","SA","","","",3014301,30143,"Al-Baha, Saudi Arabia",67001,670,20,"N",17,46,20.29611111,41,"E",38,3,41.63416667,"+0300",2016-07-01,,0,1,
1014401,10144,"ABV","Abuja Nnamdi Azikiwe International","Abuja, Nigeria",55501,555,"Nigeria","NG","","","",3014401,30144,"Abuja, Nigeria",55501,555,9,"N",0,20,9.00555556,7,"E",15,58,7.26611111,"+0100",1983-12-01,2011-06-30,0,0,
1014402,10144,"ABV","Abuja Nnamdi Azikiwe International","Abuja, Nigeria",55501,555,"Nigeria","NG","","","",3014401,30144,"Abuja, Nigeria",55501,555,9,"N",0,24,9.00666667,7,"E",15,47,7.26305556,"+0100",2011-07-01,,0,1,
1014501,10145,"ABX","Albury Airport","Albury, Australia",80201,802,"Australia","AU","","","",3014501,30145,"Albury, Australia",80201,802,36,"S",4,6,-36.06833333,146,"E",58,36,146.97666667,"+1000",1950-01-01,2011-06-30,0,0,
1014502,10145,"ABX","Albury Airport","Albury, Australia",80201,802,"Australia","AU","","","",3014501,30145,"Albury, Australia",80201,802,36,"S",4,4,-36.06777778,146,"E",57,29,146.95805556,"+1000",2011-07-01,,0,1,
1014601,10146,"ABY","Southwest Georgia Regional","Albany, GA",3401,34,"United States","US","Georgia","GA","13",3014601,30146,"Albany, GA",3401,34,31,"N",31,56,31.53222222,84,"W",11,46,-84.19611111,"-0500",1950-01-01,2011-06-30,0,0,
1014602,10146,"ABY","Southwest Georgia Regional","Albany, GA",3401,34,"United States","US","Georgia","GA","13",3014601,30146,"Albany, GA",3401,34,31,"N",32,8,31.53555556,84,"W",11,40,-84.19444444,"-0500",2011-07-01,,0,1,
1014701,10147,"ABZ","Aberdeen Dyce","Aberdeen, United Kingdom",49301,493,"United Kingdom","GB","","","",3014701,30147,"Aberdeen, United Kingdom",49301,493,57,"N",12,15,57.20416667,2,"W",11,55,-2.19861111,"+0000",1950-01-01,2011-06-30,0,0,
1014702,10147,"ABZ","Aberdeen Dyce","Aberdeen, United Kingdom",49301,493,"United Kingdom","GB","","","",3014701,30147,"Aberdeen, United Kingdom",49301,493,57,"N",12,7,57.20194444,2,"W",11,52,-2.19777778,"+0000",2011-07-01,2011-12-31,0,0,
1014703,10147,"ABZ","Aberdeen Dyce","Aberdeen, United Kingdom",49301,493,"United Kingdom","GB","","","",3014701,30147,"Aberdeen, United Kingdom",49301,493,57,"N",12,9,57.20250000,2,"W",11,53,-2.19805556,"+0000",2012-01-01,,0,1,
1014801,10148,"ACA","General Juan N Alvarez International","Acapulco, Mexico",14801,148,"Mexico","MX","","","",3014801,30148,"Acapulco, Mexico",14801,148,16,"N",45,20,16.75555556,99,"W",46,1,-99.76694444,"-0600",1950-01-01,2011-06-30,0,0,
1014802,10148,"ACA","General Juan N Alvarez International","Acapulco, Mexico",14801,148,"Mexico","MX","","","",3014801,30148,"Acapulco, Mexico",14801,148,16,"N",45,25,16.75694444,99,"W",45,14,-99.75388889,"-0600",2011-07-01,,0,1,
1014901,10149,"ACB","Antrim County","Bellaire, MI",4301,43,"United States","US","Michigan","MI","26",3014901,30149,"Bellaire, MI",4301,43,44,"N",59,5,44.98472222,85,"W",11,57,-85.19916667,"-0500",1950-01-01,2011-06-30,0,0,
1014902,10149,"ACB","Antrim County","Bellaire, MI",4301,43,"United States","US","Michigan","MI","26",3014901,30149,"Bellaire, MI",4301,43,44,"N",59,19,44.98861111,85,"W",11,54,-85.19833333,"-0500",2011-07-01,,0,1,
1015001,10150,"ACC","Accra Kotoka International","Accra, Ghana",52901,529,"Ghana","GH","","","",3015001,30150,"Accra, Ghana",52901,529,5,"N",35,43,5.59527778,0,"W",10,15,-0.17083333,"+0000",1957-03-01,2011-06-30,0,0,
1015002,10150,"ACC","Accra Kotoka International","Accra, Ghana",52901,529,"Ghana","GH","","","",3015001,30150,"Accra, Ghana",52901,529,5,"N",36,16,5.60444444,0,"W",10,3,-0.16750000,"+0000",2011-07-01,,0,1,
1015101,10151,"ACE","Lanzarote","Arrecife, Spain",48201,482,"Spain","ES","","","",3015101,30151,"Arrecife, Spain",48201,482,28,"N",56,33,28.94250000,13,"W",36,17,-13.60472222,"+0000",1950-01-01,2011-06-30,0,0,
1015102,10151,"ACE","Lanzarote","Arrecife, Spain",48201,482,"Spain","ES","","","",3015101,30151,"Arrecife, Spain",48201,482,28,"N",56,44,28.94555556,13,"W",36,19,-13.60527778,"+0000",2011-07-01,,0,1,
